id,match_id,player_id,kills,deaths,assists,win,true_burnout,start_time,duration,radiant_win,kda_ratio
1,100101,1001,11,4,19,1,0,2022-06-02,2240,1,7.5
2,100102,1001,0,8,10,1,0,2022-06-03,2269,1,1.25
3,100103,1001,0,7,7,0,0,2022-06-04,2931,0,1.0
4,100104,1001,10,8,0,0,0,2022-06-05,3071,0,1.25
5,100105,1001,8,5,17,0,0,2022-06-06,2807,0,5.0
6,100106,1001,12,8,19,1,0,2022-06-07,3199,1,3.875
7,100107,1001,12,2,18,0,0,2022-06-08,2886,0,15.0
8,100108,1001,3,3,14,0,0,2022-06-09,1840,0,5.666666666666667
9,100109,1001,10,6,0,1,0,2022-06-10,3242,1,1.6666666666666667
10,100110,1001,14,9,12,1,0,2022-06-11,2047,1,2.888888888888889
11,100111,1001,0,6,6,0,0,2022-06-12,2372,0,1.0
12,100112,1001,1,7,9,1,0,2022-06-13,2398,1,1.4285714285714286
13,100113,1001,14,9,14,0,0,2022-06-14,1977,0,3.111111111111111
14,100114,1001,14,3,1,1,0,2022-06-15,2973,1,5.0
15,100115,1001,7,1,19,0,0,2022-06-16,1559,0,26.0
16,100116,1001,1,4,9,0,0,2022-06-17,2153,0,2.5
17,100117,1001,14,8,1,0,0,2022-06-18,3332,0,1.875
18,100118,1001,1,7,5,0,0,2022-06-19,2108,0,0.8571428571428571
19,100119,1001,13,9,17,1,0,2022-06-20,2767,1,3.3333333333333335
20,100120,1001,10,9,20,0,0,2022-06-21,2261,0,3.3333333333333335
21,100121,1001,14,2,17,1,0,2022-06-22,1668,1,15.5
22,100122,1001,15,3,19,0,0,2022-06-23,1598,0,11.333333333333334
23,100123,1001,14,9,3,0,0,2022-06-24,1711,0,1.8888888888888888
24,100124,1001,14,7,12,1,0,2022-06-25,1931,1,3.7142857142857144
25,100125,1001,6,10,15,0,0,2022-06-26,1861,0,2.1
26,100126,1001,8,9,0,1,0,2022-06-27,2417,1,0.8888888888888888
27,100127,1001,9,9,11,0,0,2022-06-28,2092,0,2.2222222222222223
28,100128,1001,11,3,6,0,0,2022-06-29,3024,0,5.666666666666667
29,100129,1001,11,1,6,1,0,2022-06-30,3026,1,17.0
30,100130,1001,9,4,2,0,1,2022-07-01,2990,0,2.75
31,100131,1001,3,6,16,1,0,2022-07-02,2597,1,3.1666666666666665
32,100132,1001,3,10,11,0,0,2022-07-03,2953,0,1.4
33,100133,1001,3,3,12,1,0,2022-07-04,2812,1,5.0
34,100134,1001,8,6,16,0,0,2022-07-05,3195,0,4.0
35,100135,1001,11,4,20,1,0,2022-07-06,3253,1,7.75
36,100136,1001,10,1,20,1,0,2022-07-07,2472,1,30.0
37,100137,1001,15,1,20,1,0,2022-07-08,2623,1,35.0
38,100138,1001,2,1,17,0,0,2022-07-09,2320,0,19.0
39,100139,1001,5,8,2,1,0,2022-07-10,2839,1,0.875
40,100140,1001,1,4,15,0,0,2022-07-11,1717,0,4.0
41,100141,1001,4,4,6,1,0,2022-07-12,1552,1,2.5
42,100142,1001,11,5,0,1,0,2022-07-13,3094,1,2.2
43,100143,1001,9,2,1,0,0,2022-07-14,1660,0,5.0
44,100144,1001,3,9,6,0,1,2022-07-15,2454,0,1.0
45,100145,1001,9,10,7,0,0,2022-07-16,2563,0,1.6
46,100146,1001,15,9,4,1,1,2022-07-17,3433,1,2.111111111111111
47,100147,1001,11,4,19,1,0,2022-07-18,1773,1,7.5
48,100148,1001,11,1,7,1,0,2022-07-19,3134,1,18.0
49,100149,1001,7,7,7,0,0,2022-07-20,3027,0,2.0
50,100150,1001,8,9,7,0,1,2022-07-21,2295,0,1.6666666666666667
51,100151,1001,12,10,13,0,0,2022-07-22,1734,0,2.5
52,100152,1001,4,7,6,1,0,2022-07-23,2586,1,1.4285714285714286
53,100153,1001,1,5,16,0,0,2022-07-24,3066,0,3.4
54,100154,1001,15,9,10,1,0,2022-07-25,1824,1,2.7777777777777777
55,100155,1001,13,2,14,0,0,2022-07-26,1610,0,13.5
56,100156,1001,12,1,12,0,0,2022-07-27,2004,0,24.0
57,100157,1001,8,9,18,0,0,2022-07-28,2808,0,2.888888888888889
58,100158,1001,10,5,12,1,0,2022-07-29,2373,1,4.4
59,100159,1001,4,9,6,0,1,2022-07-30,2189,0,1.1111111111111112
60,100160,1001,13,3,18,1,0,2022-07-31,2617,1,10.333333333333334
61,100161,1001,15,7,19,0,0,2022-08-01,3502,0,4.857142857142857
62,100162,1001,2,5,16,1,0,2022-08-02,1603,1,3.6
63,100163,1001,14,4,10,1,0,2022-08-03,2620,1,6.0
64,100164,1001,0,8,4,1,0,2022-08-04,3190,1,0.5
65,100165,1001,0,7,10,1,0,2022-08-05,3252,1,1.4285714285714286
66,100166,1001,8,5,1,0,0,2022-08-06,3155,0,1.8
67,100167,1001,13,5,2,1,0,2022-08-07,2548,1,3.0
68,100168,1001,2,5,7,0,0,2022-08-08,3210,0,1.8
69,100169,1001,4,6,18,0,0,2022-08-09,3041,0,3.6666666666666665
70,100170,1001,8,1,0,1,0,2022-08-10,2774,1,8.0
71,100171,1001,2,10,1,1,0,2022-08-11,1701,1,0.3
72,100172,1001,9,10,13,0,0,2022-08-12,3106,0,2.2
73,100173,1001,1,1,10,1,0,2022-08-13,3196,1,11.0
74,100174,1001,10,4,19,0,0,2022-08-14,2425,0,7.25
75,100175,1001,15,4,8,1,0,2022-08-15,1503,1,5.75
76,100201,1002,11,6,15,0,0,2022-06-02,2014,0,4.333333333333333
77,100202,1002,13,3,11,1,0,2022-06-03,1990,1,8.0
78,100203,1002,6,3,9,1,0,2022-06-04,3380,1,5.0
79,100204,1002,5,3,13,1,0,2022-06-05,1717,1,6.0
80,100205,1002,14,4,4,1,0,2022-06-06,2711,1,4.5
81,100206,1002,7,10,3,0,0,2022-06-07,2910,0,1.0
82,100207,1002,14,7,1,0,0,2022-06-08,3289,0,2.142857142857143
83,100208,1002,0,9,19,0,0,2022-06-09,3160,0,2.111111111111111
84,100209,1002,14,7,19,1,0,2022-06-10,3324,1,4.714285714285714
85,100210,1002,9,10,1,1,0,2022-06-11,2731,1,1.0
86,100211,1002,4,2,5,1,0,2022-06-12,2042,1,4.5
87,100212,1002,12,7,5,0,0,2022-06-13,2754,0,2.4285714285714284
88,100213,1002,6,10,2,1,0,2022-06-14,3450,1,0.8
89,100214,1002,0,9,15,0,0,2022-06-15,2891,0,1.6666666666666667
90,100215,1002,14,6,18,0,0,2022-06-16,1576,0,5.333333333333333
91,100216,1002,12,3,1,0,1,2022-06-17,1638,0,4.333333333333333
92,100217,1002,11,7,5,0,0,2022-06-18,2568,0,2.2857142857142856
93,100218,1002,15,7,5,1,0,2022-06-19,2144,1,2.857142857142857
94,100219,1002,0,8,9,0,0,2022-06-20,1750,0,1.125
95,100220,1002,6,4,1,1,0,2022-06-21,1948,1,1.75
96,100221,1002,7,9,12,0,0,2022-06-22,3448,0,2.111111111111111
97,100222,1002,5,6,18,0,0,2022-06-23,2463,0,3.8333333333333335
98,100223,1002,10,1,11,1,0,2022-06-24,1534,1,21.0
99,100224,1002,11,5,9,0,0,2022-06-25,2375,0,4.0
100,100225,1002,1,5,7,0,0,2022-06-26,2340,0,1.6
101,100226,1002,11,7,7,1,0,2022-06-27,2227,1,2.5714285714285716
102,100227,1002,7,6,0,1,0,2022-06-28,2070,1,1.1666666666666667
103,100228,1002,1,3,18,0,0,2022-06-29,2311,0,6.333333333333333
104,100229,1002,7,10,1,1,0,2022-06-30,3575,1,0.8
105,100230,1002,6,4,6,0,0,2022-07-01,2249,0,3.0
106,100231,1002,11,4,13,1,0,2022-07-02,3349,1,6.0
107,100232,1002,1,5,17,1,0,2022-07-03,3497,1,3.6
108,100233,1002,9,2,9,0,0,2022-07-04,3140,0,9.0
109,100234,1002,15,2,0,1,0,2022-07-05,3340,1,7.5
110,100235,1002,15,3,15,0,0,2022-07-06,2548,0,10.0
111,100236,1002,1,5,12,0,0,2022-07-07,1819,0,2.6
112,100237,1002,2,7,14,1,0,2022-07-08,1523,1,2.2857142857142856
113,100238,1002,10,9,4,0,1,2022-07-09,2224,0,1.5555555555555556
114,100239,1002,1,4,12,1,0,2022-07-10,3553,1,3.25
115,100240,1002,9,4,19,1,0,2022-07-11,3163,1,7.0
116,100241,1002,14,7,7,1,0,2022-07-12,1672,1,3.0
117,100242,1002,8,9,1,0,0,2022-07-13,1741,0,1.0
118,100243,1002,2,5,14,1,0,2022-07-14,2210,1,3.2
119,100244,1002,5,6,1,0,0,2022-07-15,3143,0,1.0
120,100245,1002,0,6,17,1,0,2022-07-16,2273,1,2.8333333333333335
121,100246,1002,1,9,10,0,0,2022-07-17,1810,0,1.2222222222222223
122,100247,1002,7,4,20,1,0,2022-07-18,1696,1,6.75
123,100248,1002,1,1,7,0,0,2022-07-19,2555,0,8.0
124,100249,1002,10,1,0,0,0,2022-07-20,2732,0,10.0
125,100250,1002,4,9,3,0,1,2022-07-21,1614,0,0.7777777777777778
126,100251,1002,12,1,10,1,0,2022-07-22,3460,1,22.0
127,100252,1002,3,9,10,0,0,2022-07-23,1592,0,1.4444444444444444
128,100253,1002,8,7,3,1,0,2022-07-24,3361,1,1.5714285714285714
129,100254,1002,6,3,10,0,0,2022-07-25,2841,0,5.333333333333333
130,100255,1002,4,1,0,0,0,2022-07-26,2834,0,4.0
131,100256,1002,4,10,5,1,0,2022-07-27,3150,1,0.9
132,100257,1002,15,2,7,1,0,2022-07-28,3255,1,11.0
133,100258,1002,4,7,13,0,0,2022-07-29,2286,0,2.4285714285714284
134,100259,1002,2,6,5,0,0,2022-07-30,2556,0,1.1666666666666667
135,100260,1002,2,6,15,1,0,2022-07-31,2153,1,2.8333333333333335
136,100261,1002,10,1,15,1,0,2022-08-01,2830,1,25.0
137,100262,1002,0,1,9,0,0,2022-08-02,1784,0,9.0
138,100263,1002,4,9,14,1,0,2022-08-03,1689,1,2.0
139,100264,1002,1,3,1,1,0,2022-08-04,3541,1,0.6666666666666666
140,100265,1002,15,4,6,0,1,2022-08-05,2830,0,5.25
141,100266,1002,12,2,15,1,0,2022-08-06,3231,1,13.5
142,100267,1002,15,6,15,0,0,2022-08-07,3107,0,5.0
143,100268,1002,14,5,2,0,0,2022-08-08,3592,0,3.2
144,100269,1002,1,6,5,0,1,2022-08-09,2008,0,1.0
145,100270,1002,4,10,1,0,0,2022-08-10,1682,0,0.5
146,100271,1002,3,10,0,1,0,2022-08-11,1783,1,0.3
147,100272,1002,15,2,6,0,0,2022-08-12,3264,0,10.5
148,100273,1002,9,10,9,0,0,2022-08-13,1819,0,1.8
149,100274,1002,3,3,0,1,0,2022-08-14,2264,1,1.0
150,100275,1002,5,7,0,0,0,2022-08-15,2882,0,0.7142857142857143
151,100301,1003,11,10,4,0,0,2022-06-02,3144,0,1.5
152,100302,1003,14,4,11,0,0,2022-06-03,2164,0,6.25
153,100303,1003,7,8,20,0,0,2022-06-04,2598,0,3.375
154,100304,1003,5,9,11,0,0,2022-06-05,1911,0,1.7777777777777777
155,100305,1003,12,10,8,1,0,2022-06-06,2956,1,2.0
156,100306,1003,8,8,19,0,0,2022-06-07,2305,0,3.375
157,100307,1003,8,7,1,0,0,2022-06-08,2274,0,1.2857142857142858
158,100308,1003,6,2,8,1,0,2022-06-09,2799,1,7.0
159,100309,1003,14,3,13,0,0,2022-06-10,2379,0,9.0
160,100310,1003,9,5,6,0,0,2022-06-11,2393,0,3.0
161,100311,1003,0,2,2,1,0,2022-06-12,3097,1,1.0
162,100312,1003,7,2,0,1,0,2022-06-13,1759,1,3.5
163,100313,1003,10,6,11,1,0,2022-06-14,2218,1,3.5
164,100314,1003,9,5,3,1,0,2022-06-15,1530,1,2.4
165,100315,1003,2,2,18,0,0,2022-06-16,3490,0,10.0
166,100316,1003,1,8,10,0,0,2022-06-17,3183,0,1.375
167,100317,1003,10,1,10,0,0,2022-06-18,3577,0,20.0
168,100318,1003,1,6,6,1,0,2022-06-19,1539,1,1.1666666666666667
169,100319,1003,14,10,0,0,0,2022-06-20,2857,0,1.4
170,100320,1003,10,7,15,1,0,2022-06-21,2867,1,3.5714285714285716
171,100321,1003,4,10,14,0,0,2022-06-22,1873,0,1.8
172,100322,1003,12,6,16,1,0,2022-06-23,2203,1,4.666666666666667
173,100323,1003,9,10,14,1,0,2022-06-24,2440,1,2.3
174,100324,1003,6,8,15,1,0,2022-06-25,2749,1,2.625
175,100325,1003,12,3,4,1,1,2022-06-26,1936,1,5.333333333333333
176,100326,1003,2,8,4,0,0,2022-06-27,2139,0,0.75
177,100327,1003,9,1,12,0,0,2022-06-28,2132,0,21.0
178,100328,1003,6,10,9,0,0,2022-06-29,3588,0,1.5
179,100329,1003,2,2,3,0,0,2022-06-30,3038,0,2.5
180,100330,1003,14,6,6,0,0,2022-07-01,2083,0,3.3333333333333335
181,100331,1003,2,4,11,0,0,2022-07-02,1619,0,3.25
182,100332,1003,11,5,6,0,0,2022-07-03,2503,0,3.4
183,100333,1003,14,1,2,1,0,2022-07-04,1997,1,16.0
184,100334,1003,0,7,2,1,0,2022-07-05,2505,1,0.2857142857142857
185,100335,1003,15,5,11,1,0,2022-07-06,2533,1,5.2
186,100336,1003,2,2,10,1,0,2022-07-07,2069,1,6.0
187,100337,1003,8,2,13,1,0,2022-07-08,2972,1,10.5
188,100338,1003,7,2,18,1,0,2022-07-09,2215,1,12.5
189,100339,1003,11,9,9,1,0,2022-07-10,3335,1,2.2222222222222223
190,100340,1003,1,3,13,0,0,2022-07-11,2044,0,4.666666666666667
191,100341,1003,4,2,2,0,0,2022-07-12,3579,0,3.0
192,100342,1003,0,3,12,0,0,2022-07-13,2961,0,4.0
193,100343,1003,1,10,5,0,0,2022-07-14,2671,0,0.6
194,100344,1003,7,10,2,1,1,2022-07-15,2174,1,0.9
195,100345,1003,12,7,20,0,0,2022-07-16,1869,0,4.571428571428571
196,100346,1003,12,8,0,0,0,2022-07-17,2157,0,1.5
197,100347,1003,1,8,19,1,0,2022-07-18,2221,1,2.5
198,100348,1003,1,6,15,1,0,2022-07-19,2249,1,2.6666666666666665
199,100349,1003,8,2,3,1,1,2022-07-20,2106,1,5.5
200,100350,1003,3,10,5,0,0,2022-07-21,2000,0,0.8
201,100351,1003,4,7,0,0,0,2022-07-22,1687,0,0.5714285714285714
202,100352,1003,10,9,8,0,0,2022-07-23,1561,0,2.0
203,100353,1003,15,8,13,1,0,2022-07-24,1747,1,3.5
204,100354,1003,6,2,18,1,0,2022-07-25,2592,1,12.0
205,100355,1003,7,8,7,1,0,2022-07-26,2876,1,1.75
206,100356,1003,13,10,20,1,0,2022-07-27,3026,1,3.3
207,100357,1003,15,6,17,0,0,2022-07-28,1988,0,5.333333333333333
208,100358,1003,3,8,1,1,0,2022-07-29,3153,1,0.5
209,100359,1003,0,3,8,1,0,2022-07-30,1807,1,2.6666666666666665
210,100360,1003,3,2,4,0,0,2022-07-31,1894,0,3.5
211,100361,1003,2,5,11,0,0,2022-08-01,3427,0,2.6
212,100362,1003,11,6,4,1,1,2022-08-02,3356,1,2.5
213,100363,1003,10,8,12,1,0,2022-08-03,2116,1,2.75
214,100364,1003,3,5,1,1,0,2022-08-04,2986,1,0.8
215,100365,1003,5,10,6,0,1,2022-08-05,3196,0,1.1
216,100366,1003,3,10,19,1,0,2022-08-06,2208,1,2.2
217,100367,1003,3,6,7,0,0,2022-08-07,2508,0,1.6666666666666667
218,100368,1003,0,10,14,0,0,2022-08-08,3294,0,1.4
219,100369,1003,5,2,2,1,0,2022-08-09,3477,1,3.5
220,100370,1003,1,3,14,1,0,2022-08-10,1762,1,5.0
221,100371,1003,5,4,1,1,0,2022-08-11,3246,1,1.5
222,100372,1003,8,10,6,0,0,2022-08-12,2592,0,1.4
223,100373,1003,2,3,16,0,0,2022-08-13,2249,0,6.0
224,100374,1003,9,2,11,1,0,2022-08-14,2765,1,10.0
225,100375,1003,9,7,9,0,0,2022-08-15,3507,0,2.5714285714285716
226,100401,1004,2,1,19,0,0,2022-06-02,2229,0,21.0
227,100402,1004,12,3,20,0,0,2022-06-03,1941,0,10.666666666666666
228,100403,1004,15,8,11,0,0,2022-06-04,2861,0,3.25
229,100404,1004,5,10,20,0,0,2022-06-05,2433,0,2.5
230,100405,1004,6,7,10,0,0,2022-06-06,1853,0,2.2857142857142856
231,100406,1004,5,3,3,1,0,2022-06-07,3247,1,2.6666666666666665
232,100407,1004,6,7,4,0,0,2022-06-08,2925,0,1.4285714285714286
233,100408,1004,1,2,4,1,0,2022-06-09,1514,1,2.5
234,100409,1004,7,6,6,1,0,2022-06-10,2507,1,2.1666666666666665
235,100410,1004,1,1,0,1,1,2022-06-11,3498,1,1.0
236,100411,1004,14,2,11,0,0,2022-06-12,2691,0,12.5
237,100412,1004,3,8,8,0,0,2022-06-13,2495,0,1.375
238,100413,1004,15,6,9,1,0,2022-06-14,3488,1,4.0
239,100414,1004,1,1,11,0,0,2022-06-15,3334,0,12.0
240,100415,1004,12,8,10,0,0,2022-06-16,2468,0,2.75
241,100416,1004,10,5,9,1,0,2022-06-17,3589,1,3.8
242,100417,1004,9,6,20,1,0,2022-06-18,2130,1,4.833333333333333
243,100418,1004,1,8,11,1,0,2022-06-19,1706,1,1.5
244,100419,1004,1,7,19,0,0,2022-06-20,3391,0,2.857142857142857
245,100420,1004,12,8,6,0,0,2022-06-21,2899,0,2.25
246,100421,1004,13,3,10,0,0,2022-06-22,1991,0,7.666666666666667
247,100422,1004,7,6,12,1,0,2022-06-23,2826,1,3.1666666666666665
248,100423,1004,6,1,19,1,0,2022-06-24,3438,1,25.0
249,100424,1004,1,8,13,1,0,2022-06-25,2843,1,1.75
250,100425,1004,13,1,3,0,1,2022-06-26,3057,0,16.0
251,100426,1004,12,9,0,1,0,2022-06-27,3557,1,1.3333333333333333
252,100427,1004,15,5,16,1,0,2022-06-28,3094,1,6.2
253,100428,1004,1,6,6,1,0,2022-06-29,1603,1,1.1666666666666667
254,100429,1004,9,6,0,0,0,2022-06-30,3265,0,1.5
255,100430,1004,0,6,7,0,0,2022-07-01,3224,0,1.1666666666666667
256,100431,1004,5,1,16,1,0,2022-07-02,2118,1,21.0
257,100432,1004,12,4,19,0,0,2022-07-03,2208,0,7.75
258,100433,1004,11,8,1,0,0,2022-07-04,2398,0,1.5
259,100434,1004,0,10,11,0,0,2022-07-05,1921,0,1.1
260,100435,1004,14,1,18,1,0,2022-07-06,1931,1,32.0
261,100436,1004,7,6,7,1,0,2022-07-07,2047,1,2.3333333333333335
262,100437,1004,5,7,15,1,0,2022-07-08,3350,1,2.857142857142857
263,100438,1004,12,10,20,0,0,2022-07-09,2377,0,3.2
264,100439,1004,5,1,20,0,0,2022-07-10,3520,0,25.0
265,100440,1004,7,2,0,1,0,2022-07-11,2386,1,3.5
266,100441,1004,4,4,20,1,0,2022-07-12,2245,1,6.0
267,100442,1004,14,5,7,1,0,2022-07-13,2913,1,4.2
268,100443,1004,13,10,2,1,0,2022-07-14,2484,1,1.5
269,100444,1004,6,3,11,1,0,2022-07-15,2614,1,5.666666666666667
270,100445,1004,10,5,13,0,0,2022-07-16,1912,0,4.6
271,100446,1004,15,3,18,1,0,2022-07-17,1523,1,11.0
272,100447,1004,7,5,9,1,0,2022-07-18,2008,1,3.2
273,100448,1004,9,3,2,1,1,2022-07-19,1533,1,3.6666666666666665
274,100449,1004,6,5,13,0,0,2022-07-20,2561,0,3.8
275,100450,1004,0,4,7,0,0,2022-07-21,1668,0,1.75
276,100451,1004,9,6,4,1,1,2022-07-22,2356,1,2.1666666666666665
277,100452,1004,14,2,15,0,0,2022-07-23,2119,0,14.5
278,100453,1004,5,10,6,1,0,2022-07-24,3121,1,1.1
279,100454,1004,2,5,16,0,0,2022-07-25,3232,0,3.6
280,100455,1004,5,7,17,1,0,2022-07-26,3213,1,3.142857142857143
281,100456,1004,8,8,20,0,0,2022-07-27,3552,0,3.5
282,100457,1004,1,1,19,1,0,2022-07-28,2945,1,20.0
283,100458,1004,11,8,5,0,0,2022-07-29,2294,0,2.0
284,100459,1004,14,8,3,1,0,2022-07-30,3177,1,2.125
285,100460,1004,8,7,4,1,0,2022-07-31,1895,1,1.7142857142857142
286,100461,1004,8,10,3,0,1,2022-08-01,3423,0,1.1
287,100462,1004,4,1,11,0,0,2022-08-02,1656,0,15.0
288,100463,1004,13,3,13,1,0,2022-08-03,3009,1,8.666666666666666
289,100464,1004,11,2,18,1,0,2022-08-04,2132,1,14.5
290,100465,1004,12,8,7,0,0,2022-08-05,2112,0,2.375
291,100466,1004,1,1,4,0,0,2022-08-06,1888,0,5.0
292,100467,1004,7,8,6,1,0,2022-08-07,2340,1,1.625
293,100468,1004,11,10,7,1,0,2022-08-08,3159,1,1.8
294,100469,1004,4,6,7,1,0,2022-08-09,3159,1,1.8333333333333333
295,100470,1004,9,5,9,0,0,2022-08-10,1522,0,3.6
296,100471,1004,11,7,12,1,0,2022-08-11,2340,1,3.2857142857142856
297,100472,1004,15,6,14,0,0,2022-08-12,1771,0,4.833333333333333
298,100473,1004,2,2,18,0,0,2022-08-13,2321,0,10.0
299,100474,1004,9,7,15,0,0,2022-08-14,2144,0,3.4285714285714284
300,100475,1004,12,1,4,0,0,2022-08-15,3314,0,16.0
301,100501,1005,12,2,1,1,0,2022-06-02,1749,1,6.5
302,100502,1005,15,7,7,1,0,2022-06-03,3222,1,3.142857142857143
303,100503,1005,13,4,17,1,0,2022-06-04,2528,1,7.5
304,100504,1005,9,10,4,0,0,2022-06-05,3302,0,1.3
305,100505,1005,14,6,10,0,0,2022-06-06,1751,0,4.0
306,100506,1005,13,8,13,1,0,2022-06-07,1506,1,3.25
307,100507,1005,6,7,12,0,0,2022-06-08,1578,0,2.5714285714285716
308,100508,1005,6,4,3,1,0,2022-06-09,1597,1,2.25
309,100509,1005,2,1,17,1,0,2022-06-10,1643,1,19.0
310,100510,1005,13,4,14,1,0,2022-06-11,2175,1,6.75
311,100511,1005,4,7,12,0,0,2022-06-12,3156,0,2.2857142857142856
312,100512,1005,14,7,9,1,0,2022-06-13,2124,1,3.2857142857142856
313,100513,1005,6,4,2,0,0,2022-06-14,3400,0,2.0
314,100514,1005,5,9,14,1,0,2022-06-15,2962,1,2.111111111111111
315,100515,1005,9,9,16,0,0,2022-06-16,3285,0,2.7777777777777777
316,100516,1005,12,4,1,1,0,2022-06-17,3471,1,3.25
317,100517,1005,5,5,11,1,0,2022-06-18,2234,1,3.2
318,100518,1005,0,2,1,1,0,2022-06-19,1919,1,0.5
319,100519,1005,5,6,13,1,0,2022-06-20,2349,1,3.0
320,100520,1005,14,8,14,1,0,2022-06-21,2769,1,3.5
321,100521,1005,15,10,4,1,0,2022-06-22,1739,1,1.9
322,100522,1005,5,1,17,1,0,2022-06-23,1518,1,22.0
323,100523,1005,2,2,0,1,0,2022-06-24,3561,1,1.0
324,100524,1005,7,2,16,0,0,2022-06-25,1831,0,11.5
325,100525,1005,15,1,12,1,0,2022-06-26,1530,1,27.0
326,100526,1005,1,8,8,0,0,2022-06-27,1650,0,1.125
327,100527,1005,10,3,1,1,0,2022-06-28,2487,1,3.6666666666666665
328,100528,1005,5,9,5,1,1,2022-06-29,3542,1,1.1111111111111112
329,100529,1005,4,2,8,1,0,2022-06-30,2285,1,6.0
330,100530,1005,8,1,6,0,0,2022-07-01,2173,0,14.0
331,100531,1005,9,7,17,1,0,2022-07-02,2564,1,3.7142857142857144
332,100532,1005,6,7,18,1,0,2022-07-03,1802,1,3.4285714285714284
333,100533,1005,12,4,17,1,0,2022-07-04,2210,1,7.25
334,100534,1005,13,3,12,1,0,2022-07-05,2555,1,8.333333333333334
335,100535,1005,3,9,9,0,0,2022-07-06,1936,0,1.3333333333333333
336,100536,1005,9,10,7,0,0,2022-07-07,2591,0,1.6
337,100537,1005,13,7,20,1,0,2022-07-08,3076,1,4.714285714285714
338,100538,1005,7,9,17,1,0,2022-07-09,2099,1,2.6666666666666665
339,100539,1005,11,9,10,0,0,2022-07-10,1979,0,2.3333333333333335
340,100540,1005,9,9,7,1,0,2022-07-11,1605,1,1.7777777777777777
341,100541,1005,7,8,9,0,0,2022-07-12,2232,0,2.0
342,100542,1005,10,5,13,1,0,2022-07-13,2445,1,4.6
343,100543,1005,8,3,3,1,0,2022-07-14,2955,1,3.6666666666666665
344,100544,1005,4,7,5,1,0,2022-07-15,2664,1,1.2857142857142858
345,100545,1005,3,6,16,0,0,2022-07-16,2951,0,3.1666666666666665
346,100546,1005,9,3,16,0,0,2022-07-17,2678,0,8.333333333333334
347,100547,1005,3,4,7,1,0,2022-07-18,3406,1,2.5
348,100548,1005,7,2,0,0,0,2022-07-19,2160,0,3.5
349,100549,1005,2,4,6,0,0,2022-07-20,2191,0,2.0
350,100550,1005,9,4,1,0,1,2022-07-21,2051,0,2.5
351,100551,1005,10,5,6,0,0,2022-07-22,2776,0,3.2
352,100552,1005,7,8,7,0,0,2022-07-23,1785,0,1.75
353,100553,1005,7,9,2,0,0,2022-07-24,1503,0,1.0
354,100554,1005,12,1,14,0,0,2022-07-25,1813,0,26.0
355,100555,1005,14,1,6,1,1,2022-07-26,1703,1,20.0
356,100556,1005,5,7,17,1,0,2022-07-27,2916,1,3.142857142857143
357,100557,1005,0,7,11,0,0,2022-07-28,2070,0,1.5714285714285714
358,100558,1005,14,9,5,0,0,2022-07-29,3254,0,2.111111111111111
359,100559,1005,12,2,5,1,0,2022-07-30,1854,1,8.5
360,100560,1005,13,5,12,0,0,2022-07-31,3575,0,5.0
361,100561,1005,4,9,3,0,0,2022-08-01,2608,0,0.7777777777777778
362,100562,1005,10,4,8,0,0,2022-08-02,2729,0,4.5
363,100563,1005,5,10,8,1,0,2022-08-03,2158,1,1.3
364,100564,1005,1,6,8,1,0,2022-08-04,2871,1,1.5
365,100565,1005,7,3,13,0,0,2022-08-05,2243,0,6.666666666666667
366,100566,1005,3,7,12,1,0,2022-08-06,3331,1,2.142857142857143
367,100567,1005,3,5,1,0,0,2022-08-07,3400,0,0.8
368,100568,1005,14,6,5,1,0,2022-08-08,3344,1,3.1666666666666665
369,100569,1005,13,3,17,0,0,2022-08-09,1651,0,10.0
370,100570,1005,12,1,17,0,0,2022-08-10,2180,0,29.0
371,100571,1005,0,10,2,0,1,2022-08-11,2489,0,0.2
372,100572,1005,13,6,12,0,0,2022-08-12,1809,0,4.166666666666667
373,100573,1005,2,1,5,0,0,2022-08-13,3227,0,7.0
374,100574,1005,1,1,2,1,1,2022-08-14,2554,1,3.0
375,100575,1005,12,1,6,0,0,2022-08-15,2381,0,18.0
376,100601,1006,14,6,14,1,0,2022-06-02,2299,1,4.666666666666667
377,100602,1006,4,4,8,1,0,2022-06-03,3283,1,3.0
378,100603,1006,10,7,2,0,0,2022-06-04,2125,0,1.7142857142857142
379,100604,1006,3,2,20,0,0,2022-06-05,2603,0,11.5
380,100605,1006,6,8,8,1,0,2022-06-06,1871,1,1.75
381,100606,1006,9,6,10,0,0,2022-06-07,3140,0,3.1666666666666665
382,100607,1006,13,9,4,1,0,2022-06-08,1978,1,1.8888888888888888
383,100608,1006,1,9,20,0,0,2022-06-09,2830,0,2.3333333333333335
384,100609,1006,0,9,16,0,0,2022-06-10,1664,0,1.7777777777777777
385,100610,1006,6,2,7,1,0,2022-06-11,1552,1,6.5
386,100611,1006,6,5,5,1,0,2022-06-12,1586,1,2.2
387,100612,1006,12,7,7,1,0,2022-06-13,2205,1,2.7142857142857144
388,100613,1006,15,1,12,0,0,2022-06-14,2211,0,27.0
389,100614,1006,9,10,17,1,0,2022-06-15,1801,1,2.6
390,100615,1006,9,4,10,1,0,2022-06-16,1977,1,4.75
391,100616,1006,2,4,12,0,0,2022-06-17,2120,0,3.5
392,100617,1006,11,5,3,1,0,2022-06-18,3020,1,2.8
393,100618,1006,12,8,15,1,0,2022-06-19,2628,1,3.375
394,100619,1006,9,8,7,0,0,2022-06-20,1519,0,2.0
395,100620,1006,4,7,1,0,1,2022-06-21,2226,0,0.7142857142857143
396,100621,1006,6,9,19,1,0,2022-06-22,2387,1,2.7777777777777777
397,100622,1006,3,2,7,1,0,2022-06-23,2723,1,5.0
398,100623,1006,12,10,17,1,0,2022-06-24,2257,1,2.9
399,100624,1006,9,6,2,1,0,2022-06-25,2860,1,1.8333333333333333
400,100625,1006,5,9,18,0,0,2022-06-26,1759,0,2.5555555555555554
401,100626,1006,4,8,3,0,1,2022-06-27,3036,0,0.875
402,100627,1006,6,1,15,0,0,2022-06-28,2225,0,21.0
403,100628,1006,2,2,15,1,0,2022-06-29,2946,1,8.5
404,100629,1006,11,10,18,0,0,2022-06-30,2257,0,2.9
405,100630,1006,10,10,16,1,0,2022-07-01,3412,1,2.6
406,100631,1006,15,10,20,1,0,2022-07-02,2403,1,3.5
407,100632,1006,0,2,20,0,0,2022-07-03,1591,0,10.0
408,100633,1006,6,6,5,1,1,2022-07-04,1977,1,1.8333333333333333
409,100634,1006,9,4,4,1,0,2022-07-05,3282,1,3.25
410,100635,1006,6,3,13,1,0,2022-07-06,1946,1,6.333333333333333
411,100636,1006,10,6,0,0,0,2022-07-07,3284,0,1.6666666666666667
412,100637,1006,1,2,14,0,0,2022-07-08,2061,0,7.5
413,100638,1006,12,1,15,1,0,2022-07-09,2109,1,27.0
414,100639,1006,7,4,4,0,0,2022-07-10,1593,0,2.75
415,100640,1006,13,1,11,0,0,2022-07-11,3280,0,24.0
416,100641,1006,10,3,5,1,0,2022-07-12,1505,1,5.0
417,100642,1006,15,8,3,0,0,2022-07-13,2566,0,2.25
418,100643,1006,14,2,5,1,0,2022-07-14,2585,1,9.5
419,100644,1006,13,10,16,1,0,2022-07-15,1633,1,2.9
420,100645,1006,4,7,2,1,0,2022-07-16,3180,1,0.8571428571428571
421,100646,1006,12,6,6,0,0,2022-07-17,1838,0,3.0
422,100647,1006,11,10,8,0,0,2022-07-18,2101,0,1.9
423,100648,1006,10,8,17,0,0,2022-07-19,2648,0,3.375
424,100649,1006,2,9,18,0,0,2022-07-20,1614,0,2.2222222222222223
425,100650,1006,9,7,20,0,0,2022-07-21,1552,0,4.142857142857143
426,100651,1006,6,1,4,1,0,2022-07-22,3432,1,10.0
427,100652,1006,13,8,4,0,1,2022-07-23,2839,0,2.125
428,100653,1006,11,3,0,0,0,2022-07-24,1730,0,3.6666666666666665
429,100654,1006,13,7,17,0,0,2022-07-25,2767,0,4.285714285714286
430,100655,1006,2,2,8,0,0,2022-07-26,3321,0,5.0
431,100656,1006,15,7,20,1,0,2022-07-27,3047,1,5.0
432,100657,1006,4,5,1,1,0,2022-07-28,3560,1,1.0
433,100658,1006,13,3,4,1,0,2022-07-29,3224,1,5.666666666666667
434,100659,1006,0,5,0,0,1,2022-07-30,3040,0,0.0
435,100660,1006,0,6,9,0,0,2022-07-31,3372,0,1.5
436,100661,1006,15,4,14,1,0,2022-08-01,1778,1,7.25
437,100662,1006,6,2,17,0,0,2022-08-02,1914,0,11.5
438,100663,1006,9,9,10,0,0,2022-08-03,2606,0,2.111111111111111
439,100664,1006,3,1,3,0,0,2022-08-04,2909,0,6.0
440,100665,1006,13,6,16,1,0,2022-08-05,2084,1,4.833333333333333
441,100666,1006,11,7,6,0,0,2022-08-06,2331,0,2.4285714285714284
442,100667,1006,15,1,15,0,0,2022-08-07,2180,0,30.0
443,100668,1006,14,1,1,0,0,2022-08-08,1923,0,15.0
444,100669,1006,11,4,12,0,0,2022-08-09,1819,0,5.75
445,100670,1006,2,6,3,1,0,2022-08-10,2192,1,0.8333333333333334
446,100671,1006,8,5,1,1,0,2022-08-11,1867,1,1.8
447,100672,1006,4,4,12,1,0,2022-08-12,1801,1,4.0
448,100673,1006,5,10,4,1,0,2022-08-13,2596,1,0.9
449,100674,1006,1,7,16,1,0,2022-08-14,2903,1,2.4285714285714284
450,100675,1006,9,7,0,0,0,2022-08-15,2275,0,1.2857142857142858
451,100701,1007,6,8,18,0,0,2022-06-02,2934,0,3.0
452,100702,1007,6,10,1,1,0,2022-06-03,3001,1,0.7
453,100703,1007,5,6,18,1,0,2022-06-04,2030,1,3.8333333333333335
454,100704,1007,4,1,10,1,0,2022-06-05,1994,1,14.0
455,100705,1007,5,9,2,1,0,2022-06-06,1674,1,0.7777777777777778
456,100706,1007,12,8,18,0,0,2022-06-07,1987,0,3.75
457,100707,1007,12,8,11,0,0,2022-06-08,1984,0,2.875
458,100708,1007,6,5,13,0,0,2022-06-09,3211,0,3.8
459,100709,1007,8,6,18,1,0,2022-06-10,1537,1,4.333333333333333
460,100710,1007,7,6,11,1,0,2022-06-11,1607,1,3.0
461,100711,1007,3,4,1,1,0,2022-06-12,1660,1,1.0
462,100712,1007,9,2,8,1,0,2022-06-13,3476,1,8.5
463,100713,1007,7,4,17,0,0,2022-06-14,1529,0,6.0
464,100714,1007,12,5,8,1,0,2022-06-15,2194,1,4.0
465,100715,1007,13,4,20,0,0,2022-06-16,2711,0,8.25
466,100716,1007,0,7,19,0,0,2022-06-17,2566,0,2.7142857142857144
467,100717,1007,12,8,5,1,0,2022-06-18,2433,1,2.125
468,100718,1007,14,6,20,1,0,2022-06-19,2585,1,5.666666666666667
469,100719,1007,5,10,5,0,0,2022-06-20,2620,0,1.0
470,100720,1007,11,9,13,1,0,2022-06-21,2740,1,2.6666666666666665
471,100721,1007,0,7,2,0,1,2022-06-22,2853,0,0.2857142857142857
472,100722,1007,8,3,1,0,0,2022-06-23,2172,0,3.0
473,100723,1007,13,2,8,1,0,2022-06-24,3538,1,10.5
474,100724,1007,7,4,5,0,0,2022-06-25,2092,0,3.0
475,100725,1007,6,10,17,0,0,2022-06-26,1876,0,2.3
476,100726,1007,2,1,15,1,0,2022-06-27,1941,1,17.0
477,100727,1007,8,9,12,1,0,2022-06-28,2252,1,2.2222222222222223
478,100728,1007,9,10,16,1,0,2022-06-29,2598,1,2.5
479,100729,1007,1,10,3,0,1,2022-06-30,1561,0,0.4
480,100730,1007,12,6,10,0,0,2022-07-01,3018,0,3.6666666666666665
481,100731,1007,11,9,15,0,0,2022-07-02,3143,0,2.888888888888889
482,100732,1007,1,6,7,1,0,2022-07-03,2785,1,1.3333333333333333
483,100733,1007,2,6,7,0,0,2022-07-04,1812,0,1.5
484,100734,1007,12,4,5,1,1,2022-07-05,2876,1,4.25
485,100735,1007,7,8,17,1,0,2022-07-06,2273,1,3.0
486,100736,1007,9,1,18,0,0,2022-07-07,2644,0,27.0
487,100737,1007,7,7,20,1,0,2022-07-08,2005,1,3.857142857142857
488,100738,1007,15,7,4,1,0,2022-07-09,2902,1,2.7142857142857144
489,100739,1007,7,6,4,0,1,2022-07-10,2572,0,1.8333333333333333
490,100740,1007,5,2,12,1,0,2022-07-11,2963,1,8.5
491,100741,1007,4,6,18,1,0,2022-07-12,2801,1,3.6666666666666665
492,100742,1007,6,10,17,0,0,2022-07-13,3094,0,2.3
493,100743,1007,10,1,16,0,0,2022-07-14,3290,0,26.0
494,100744,1007,0,1,10,1,0,2022-07-15,2138,1,10.0
495,100745,1007,0,7,2,0,0,2022-07-16,2217,0,0.2857142857142857
496,100746,1007,10,3,9,0,0,2022-07-17,2058,0,6.333333333333333
497,100747,1007,15,2,9,0,0,2022-07-18,2797,0,12.0
498,100748,1007,2,1,3,1,0,2022-07-19,3233,1,5.0
499,100749,1007,8,3,2,0,0,2022-07-20,2026,0,3.3333333333333335
500,100750,1007,11,8,20,1,0,2022-07-21,3223,1,3.875
501,100751,1007,0,2,13,1,0,2022-07-22,2775,1,6.5
502,100752,1007,13,2,20,0,0,2022-07-23,3233,0,16.5
503,100753,1007,10,6,8,1,0,2022-07-24,2729,1,3.0
504,100754,1007,9,1,1,1,0,2022-07-25,3203,1,10.0
505,100755,1007,3,2,18,0,0,2022-07-26,2467,0,10.5
506,100756,1007,7,1,18,0,0,2022-07-27,2046,0,25.0
507,100757,1007,2,6,18,0,0,2022-07-28,1521,0,3.3333333333333335
508,100758,1007,2,7,12,0,0,2022-07-29,1970,0,2.0
509,100759,1007,0,7,3,1,0,2022-07-30,2319,1,0.42857142857142855
510,100760,1007,13,1,20,1,0,2022-07-31,3296,1,33.0
511,100761,1007,3,3,19,1,0,2022-08-01,1757,1,7.333333333333333
512,100762,1007,8,7,3,0,0,2022-08-02,3556,0,1.5714285714285714
513,100763,1007,11,5,18,1,0,2022-08-03,2506,1,5.8
514,100764,1007,9,2,1,0,0,2022-08-04,2292,0,5.0
515,100765,1007,14,5,7,0,0,2022-08-05,2981,0,4.2
516,100766,1007,14,8,19,0,0,2022-08-06,1623,0,4.125
517,100767,1007,11,9,5,0,0,2022-08-07,3452,0,1.7777777777777777
518,100768,1007,10,2,5,1,0,2022-08-08,1873,1,7.5
519,100769,1007,3,5,1,0,0,2022-08-09,1575,0,0.8
520,100770,1007,5,10,19,1,0,2022-08-10,2370,1,2.4
521,100771,1007,9,7,4,0,0,2022-08-11,1624,0,1.8571428571428572
522,100772,1007,7,3,18,1,0,2022-08-12,2463,1,8.333333333333334
523,100773,1007,14,4,3,1,0,2022-08-13,1678,1,4.25
524,100774,1007,15,7,1,0,1,2022-08-14,2741,0,2.2857142857142856
525,100775,1007,12,7,7,0,0,2022-08-15,1939,0,2.7142857142857144
526,100801,1008,15,8,5,1,0,2022-06-02,3030,1,2.5
527,100802,1008,8,7,16,0,0,2022-06-03,2947,0,3.4285714285714284
528,100803,1008,3,8,5,0,0,2022-06-04,3533,0,1.0
529,100804,1008,8,3,20,0,0,2022-06-05,2321,0,9.333333333333334
530,100805,1008,15,10,15,0,0,2022-06-06,1636,0,3.0
531,100806,1008,2,2,2,0,0,2022-06-07,1928,0,2.0
532,100807,1008,11,4,6,1,0,2022-06-08,3291,1,4.25
533,100808,1008,14,1,1,1,0,2022-06-09,2138,1,15.0
534,100809,1008,6,5,13,0,0,2022-06-10,2329,0,3.8
535,100810,1008,3,1,16,1,0,2022-06-11,2853,1,19.0
536,100811,1008,14,8,18,1,0,2022-06-12,1728,1,4.0
537,100812,1008,13,7,14,1,0,2022-06-13,3247,1,3.857142857142857
538,100813,1008,1,6,9,1,0,2022-06-14,2775,1,1.6666666666666667
539,100814,1008,10,6,1,1,0,2022-06-15,2096,1,1.8333333333333333
540,100815,1008,9,3,1,0,0,2022-06-16,1658,0,3.3333333333333335
541,100816,1008,2,6,20,0,0,2022-06-17,1601,0,3.6666666666666665
542,100817,1008,11,7,4,1,0,2022-06-18,3488,1,2.142857142857143
543,100818,1008,14,6,9,0,0,2022-06-19,2146,0,3.8333333333333335
544,100819,1008,10,1,11,0,0,2022-06-20,2035,0,21.0
545,100820,1008,15,3,12,1,0,2022-06-21,2705,1,9.0
546,100821,1008,3,1,5,0,0,2022-06-22,2000,0,8.0
547,100822,1008,15,10,20,1,0,2022-06-23,2200,1,3.5
548,100823,1008,14,8,2,0,0,2022-06-24,3375,0,2.0
549,100824,1008,14,4,14,0,0,2022-06-25,2990,0,7.0
550,100825,1008,8,1,6,0,1,2022-06-26,1947,0,14.0
551,100826,1008,15,6,10,1,0,2022-06-27,2531,1,4.166666666666667
552,100827,1008,4,10,19,1,0,2022-06-28,2861,1,2.3
553,100828,1008,2,9,10,1,0,2022-06-29,3159,1,1.3333333333333333
554,100829,1008,6,9,1,0,0,2022-06-30,3008,0,0.7777777777777778
555,100830,1008,13,5,9,1,0,2022-07-01,1741,1,4.4
556,100831,1008,4,10,17,0,0,2022-07-02,2148,0,2.1
557,100832,1008,2,8,5,0,0,2022-07-03,2298,0,0.875
558,100833,1008,2,4,0,0,1,2022-07-04,3530,0,0.5
559,100834,1008,9,9,20,0,0,2022-07-05,3589,0,3.2222222222222223
560,100835,1008,4,7,1,0,1,2022-07-06,2087,0,0.7142857142857143
561,100836,1008,14,4,4,0,0,2022-07-07,2027,0,4.5
562,100837,1008,6,6,16,1,0,2022-07-08,1746,1,3.6666666666666665
563,100838,1008,13,10,2,1,0,2022-07-09,1521,1,1.5
564,100839,1008,10,5,19,0,0,2022-07-10,2470,0,5.8
565,100840,1008,1,4,2,0,0,2022-07-11,1511,0,0.75
566,100841,1008,7,1,15,0,0,2022-07-12,2569,0,22.0
567,100842,1008,13,7,11,0,0,2022-07-13,1837,0,3.4285714285714284
568,100843,1008,0,5,11,0,0,2022-07-14,2567,0,2.2
569,100844,1008,9,3,3,1,0,2022-07-15,2831,1,4.0
570,100845,1008,9,3,20,1,0,2022-07-16,1744,1,9.666666666666666
571,100846,1008,3,5,15,0,0,2022-07-17,3599,0,3.6
572,100847,1008,9,8,9,1,0,2022-07-18,3193,1,2.25
573,100848,1008,15,8,3,0,0,2022-07-19,3197,0,2.25
574,100849,1008,3,6,14,1,0,2022-07-20,2968,1,2.8333333333333335
575,100850,1008,1,6,3,1,0,2022-07-21,1820,1,0.6666666666666666
576,100851,1008,2,1,20,0,0,2022-07-22,1927,0,22.0
577,100852,1008,7,8,12,0,0,2022-07-23,2475,0,2.375
578,100853,1008,6,5,11,0,0,2022-07-24,2563,0,3.4
579,100854,1008,11,9,11,0,0,2022-07-25,2144,0,2.4444444444444446
580,100855,1008,3,3,18,1,0,2022-07-26,2698,1,7.0
581,100856,1008,1,2,8,1,0,2022-07-27,3057,1,4.5
582,100857,1008,5,9,2,0,0,2022-07-28,1545,0,0.7777777777777778
583,100858,1008,15,9,12,0,0,2022-07-29,2571,0,3.0
584,100859,1008,13,4,1,0,0,2022-07-30,3090,0,3.5
585,100860,1008,15,10,9,0,0,2022-07-31,2843,0,2.4
586,100861,1008,12,5,5,1,0,2022-08-01,2555,1,3.4
587,100862,1008,5,8,5,1,0,2022-08-02,1696,1,1.25
588,100863,1008,9,3,2,0,0,2022-08-03,3135,0,3.6666666666666665
589,100864,1008,4,3,2,0,1,2022-08-04,1553,0,2.0
590,100865,1008,4,5,4,0,0,2022-08-05,1752,0,1.6
591,100866,1008,7,5,7,1,0,2022-08-06,2045,1,2.8
592,100867,1008,8,4,1,0,0,2022-08-07,3067,0,2.25
593,100868,1008,3,9,20,0,0,2022-08-08,1608,0,2.5555555555555554
594,100869,1008,0,6,1,1,0,2022-08-09,3597,1,0.16666666666666666
595,100870,1008,13,9,13,0,0,2022-08-10,3022,0,2.888888888888889
596,100871,1008,12,4,8,1,0,2022-08-11,1618,1,5.0
597,100872,1008,14,1,5,0,1,2022-08-12,2066,0,19.0
598,100873,1008,4,6,4,1,0,2022-08-13,1979,1,1.3333333333333333
599,100874,1008,4,5,5,0,0,2022-08-14,1907,0,1.8
600,100875,1008,13,9,4,1,0,2022-08-15,2671,1,1.8888888888888888
601,100901,1009,2,7,5,1,0,2022-06-02,2915,1,1.0
602,100902,1009,11,3,14,0,0,2022-06-03,2315,0,8.333333333333334
603,100903,1009,7,4,3,1,0,2022-06-04,1736,1,2.5
604,100904,1009,6,7,18,1,0,2022-06-05,1681,1,3.4285714285714284
605,100905,1009,13,9,11,0,0,2022-06-06,1840,0,2.6666666666666665
606,100906,1009,4,6,6,1,0,2022-06-07,2950,1,1.6666666666666667
607,100907,1009,3,4,16,0,0,2022-06-08,3351,0,4.75
608,100908,1009,1,2,1,1,0,2022-06-09,1987,1,1.0
609,100909,1009,3,10,11,0,0,2022-06-10,2380,0,1.4
610,100910,1009,10,9,10,0,0,2022-06-11,2534,0,2.2222222222222223
611,100911,1009,4,3,11,1,0,2022-06-12,3305,1,5.0
612,100912,1009,6,1,13,0,0,2022-06-13,1640,0,19.0
613,100913,1009,3,2,9,1,0,2022-06-14,3588,1,6.0
614,100914,1009,15,1,11,0,0,2022-06-15,1954,0,26.0
615,100915,1009,11,5,5,0,1,2022-06-16,3228,0,3.2
616,100916,1009,13,8,15,0,0,2022-06-17,3362,0,3.5
617,100917,1009,11,1,11,1,0,2022-06-18,1906,1,22.0
618,100918,1009,11,8,0,1,0,2022-06-19,1911,1,1.375
619,100919,1009,8,9,13,0,0,2022-06-20,1554,0,2.3333333333333335
620,100920,1009,1,4,3,0,0,2022-06-21,1693,0,1.0
621,100921,1009,9,8,18,0,0,2022-06-22,3593,0,3.375
622,100922,1009,5,2,12,0,0,2022-06-23,1671,0,8.5
623,100923,1009,14,6,3,1,1,2022-06-24,3599,1,2.8333333333333335
624,100924,1009,1,2,6,0,0,2022-06-25,2257,0,3.5
625,100925,1009,6,8,18,0,0,2022-06-26,1666,0,3.0
626,100926,1009,7,5,20,1,0,2022-06-27,2548,1,5.4
627,100927,1009,6,1,20,1,0,2022-06-28,1667,1,26.0
628,100928,1009,7,6,6,1,0,2022-06-29,3232,1,2.1666666666666665
629,100929,1009,10,7,6,0,0,2022-06-30,3300,0,2.2857142857142856
630,100930,1009,3,1,19,1,0,2022-07-01,3314,1,22.0
631,100931,1009,4,8,9,0,0,2022-07-02,1730,0,1.625
632,100932,1009,15,9,18,0,0,2022-07-03,2198,0,3.6666666666666665
633,100933,1009,3,2,13,0,0,2022-07-04,2667,0,8.0
634,100934,1009,7,5,15,1,0,2022-07-05,2209,1,4.4
635,100935,1009,12,7,7,0,0,2022-07-06,1978,0,2.7142857142857144
636,100936,1009,13,5,15,0,0,2022-07-07,2057,0,5.6
637,100937,1009,4,1,4,0,0,2022-07-08,3272,0,8.0
638,100938,1009,15,1,2,0,0,2022-07-09,2526,0,17.0
639,100939,1009,4,1,20,1,0,2022-07-10,2121,1,24.0
640,100940,1009,14,7,13,1,0,2022-07-11,2181,1,3.857142857142857
641,100941,1009,3,3,7,1,0,2022-07-12,2104,1,3.3333333333333335
642,100942,1009,2,3,10,1,0,2022-07-13,2579,1,4.0
643,100943,1009,1,10,3,1,0,2022-07-14,2895,1,0.4
644,100944,1009,0,4,0,0,0,2022-07-15,3004,0,0.0
645,100945,1009,5,8,14,0,0,2022-07-16,3457,0,2.375
646,100946,1009,1,6,15,1,0,2022-07-17,2864,1,2.6666666666666665
647,100947,1009,15,3,0,0,0,2022-07-18,2505,0,5.0
648,100948,1009,10,2,19,0,0,2022-07-19,1839,0,14.5
649,100949,1009,6,5,1,0,0,2022-07-20,2478,0,1.4
650,100950,1009,0,7,18,0,0,2022-07-21,2650,0,2.5714285714285716
651,100951,1009,8,1,0,0,0,2022-07-22,3529,0,8.0
652,100952,1009,3,8,3,0,0,2022-07-23,3234,0,0.75
653,100953,1009,7,7,11,1,0,2022-07-24,1747,1,2.5714285714285716
654,100954,1009,7,6,4,0,0,2022-07-25,3497,0,1.8333333333333333
655,100955,1009,9,3,16,0,0,2022-07-26,3489,0,8.333333333333334
656,100956,1009,2,7,10,0,0,2022-07-27,3562,0,1.7142857142857142
657,100957,1009,9,6,8,0,1,2022-07-28,2430,0,2.8333333333333335
658,100958,1009,9,10,4,0,0,2022-07-29,2673,0,1.3
659,100959,1009,10,2,6,0,0,2022-07-30,2886,0,8.0
660,100960,1009,3,2,16,1,0,2022-07-31,2063,1,9.5
661,100961,1009,11,1,18,0,0,2022-08-01,2900,0,29.0
662,100962,1009,8,5,5,0,1,2022-08-02,3137,0,2.6
663,100963,1009,4,7,2,0,0,2022-08-03,1808,0,0.8571428571428571
664,100964,1009,10,4,13,0,0,2022-08-04,1697,0,5.75
665,100965,1009,9,7,18,0,0,2022-08-05,1650,0,3.857142857142857
666,100966,1009,4,7,7,1,0,2022-08-06,2023,1,1.5714285714285714
667,100967,1009,5,10,13,0,0,2022-08-07,3306,0,1.8
668,100968,1009,12,9,4,0,0,2022-08-08,3066,0,1.7777777777777777
669,100969,1009,12,7,19,1,0,2022-08-09,3369,1,4.428571428571429
670,100970,1009,6,5,10,0,0,2022-08-10,1637,0,3.2
671,100971,1009,15,4,17,1,0,2022-08-11,3277,1,8.0
672,100972,1009,3,9,0,1,1,2022-08-12,2235,1,0.3333333333333333
673,100973,1009,4,3,10,0,0,2022-08-13,2801,0,4.666666666666667
674,100974,1009,1,2,0,0,0,2022-08-14,1697,0,0.5
675,100975,1009,2,5,15,0,0,2022-08-15,1686,0,3.4
676,101001,1010,4,1,17,0,0,2022-06-02,3322,0,21.0
677,101002,1010,5,10,10,0,0,2022-06-03,1793,0,1.5
678,101003,1010,11,5,20,1,0,2022-06-04,2080,1,6.2
679,101004,1010,3,8,16,1,0,2022-06-05,1775,1,2.375
680,101005,1010,8,1,15,0,0,2022-06-06,2476,0,23.0
681,101006,1010,7,7,20,1,0,2022-06-07,2708,1,3.857142857142857
682,101007,1010,4,1,18,1,0,2022-06-08,2206,1,22.0
683,101008,1010,15,6,5,0,0,2022-06-09,1975,0,3.3333333333333335
684,101009,1010,15,5,20,1,0,2022-06-10,2535,1,7.0
685,101010,1010,2,5,2,0,0,2022-06-11,1501,0,0.8
686,101011,1010,9,8,16,0,0,2022-06-12,2355,0,3.125
687,101012,1010,6,9,0,1,0,2022-06-13,2844,1,0.6666666666666666
688,101013,1010,3,8,11,1,0,2022-06-14,2594,1,1.75
689,101014,1010,15,7,9,1,0,2022-06-15,1519,1,3.4285714285714284
690,101015,1010,2,7,17,0,0,2022-06-16,2138,0,2.7142857142857144
691,101016,1010,15,9,3,0,0,2022-06-17,2672,0,2.0
692,101017,1010,14,8,8,0,0,2022-06-18,3505,0,2.75
693,101018,1010,9,3,18,0,0,2022-06-19,2744,0,9.0
694,101019,1010,5,1,4,0,0,2022-06-20,2764,0,9.0
695,101020,1010,0,10,19,1,0,2022-06-21,2125,1,1.9
696,101021,1010,10,9,4,1,1,2022-06-22,1800,1,1.5555555555555556
697,101022,1010,7,3,19,1,0,2022-06-23,2243,1,8.666666666666666
698,101023,1010,13,10,19,0,0,2022-06-24,1783,0,3.2
699,101024,1010,3,8,0,0,0,2022-06-25,2225,0,0.375
700,101025,1010,14,10,5,0,0,2022-06-26,2929,0,1.9
701,101026,1010,5,3,2,0,0,2022-06-27,3489,0,2.3333333333333335
702,101027,1010,6,2,6,0,1,2022-06-28,3455,0,6.0
703,101028,1010,7,3,20,0,0,2022-06-29,3375,0,9.0
704,101029,1010,15,3,12,0,0,2022-06-30,3513,0,9.0
705,101030,1010,14,3,14,0,0,2022-07-01,2786,0,9.333333333333334
706,101031,1010,1,1,19,1,0,2022-07-02,2031,1,20.0
707,101032,1010,13,1,1,0,0,2022-07-03,2053,0,14.0
708,101033,1010,6,3,1,0,0,2022-07-04,3499,0,2.3333333333333335
709,101034,1010,1,7,2,1,0,2022-07-05,3524,1,0.42857142857142855
710,101035,1010,11,7,1,1,0,2022-07-06,3115,1,1.7142857142857142
711,101036,1010,6,9,6,0,0,2022-07-07,3255,0,1.3333333333333333
712,101037,1010,6,7,5,0,0,2022-07-08,1586,0,1.5714285714285714
713,101038,1010,7,2,9,1,0,2022-07-09,3007,1,8.0
714,101039,1010,8,5,13,0,0,2022-07-10,1568,0,4.2
715,101040,1010,12,7,2,0,0,2022-07-11,3267,0,2.0
716,101041,1010,5,4,3,1,0,2022-07-12,1546,1,2.0
717,101042,1010,9,4,3,0,0,2022-07-13,1736,0,3.0
718,101043,1010,8,10,2,0,0,2022-07-14,3170,0,1.0
719,101044,1010,8,4,8,1,0,2022-07-15,2221,1,4.0
720,101045,1010,1,4,5,1,0,2022-07-16,1740,1,1.5
721,101046,1010,0,2,17,0,0,2022-07-17,1852,0,8.5
722,101047,1010,7,7,6,1,0,2022-07-18,3172,1,1.8571428571428572
723,101048,1010,15,9,5,1,1,2022-07-19,2781,1,2.2222222222222223
724,101049,1010,12,1,10,1,0,2022-07-20,2666,1,22.0
725,101050,1010,0,4,14,1,0,2022-07-21,2189,1,3.5
726,101051,1010,1,3,14,1,0,2022-07-22,3135,1,5.0
727,101052,1010,4,5,13,0,0,2022-07-23,1906,0,3.4
728,101053,1010,0,10,18,1,0,2022-07-24,2268,1,1.8
729,101054,1010,8,9,14,1,0,2022-07-25,2667,1,2.4444444444444446
730,101055,1010,13,8,20,0,0,2022-07-26,2679,0,4.125
731,101056,1010,1,9,16,1,0,2022-07-27,2439,1,1.8888888888888888
732,101057,1010,8,6,20,1,0,2022-07-28,2450,1,4.666666666666667
733,101058,1010,1,6,12,1,0,2022-07-29,2337,1,2.1666666666666665
734,101059,1010,7,3,7,1,0,2022-07-30,3502,1,4.666666666666667
735,101060,1010,6,8,15,1,0,2022-07-31,1535,1,2.625
736,101061,1010,1,6,4,0,1,2022-08-01,2867,0,0.8333333333333334
737,101062,1010,3,2,11,1,0,2022-08-02,1809,1,7.0
738,101063,1010,0,10,16,1,0,2022-08-03,3316,1,1.6
739,101064,1010,1,8,1,1,0,2022-08-04,2263,1,0.25
740,101065,1010,8,2,9,1,0,2022-08-05,2626,1,8.5
741,101066,1010,14,2,19,1,0,2022-08-06,2872,1,16.5
742,101067,1010,6,8,10,0,0,2022-08-07,2374,0,2.0
743,101068,1010,8,2,2,0,1,2022-08-08,2796,0,5.0
744,101069,1010,11,2,20,1,0,2022-08-09,1561,1,15.5
745,101070,1010,9,3,4,0,0,2022-08-10,3305,0,4.333333333333333
746,101071,1010,1,9,2,0,0,2022-08-11,2209,0,0.3333333333333333
747,101072,1010,12,8,9,1,0,2022-08-12,2468,1,2.625
748,101073,1010,2,5,15,0,0,2022-08-13,3264,0,3.4
749,101074,1010,11,2,20,0,0,2022-08-14,1953,0,15.5
750,101075,1010,5,1,3,1,0,2022-08-15,2605,1,8.0
